# timestamp	script_anchor	manifest_anchor	note
2026-07-30T05:33:55Z	34532e934784d911c59e35e064b9b7b8cbb7600030095d545521cd97dd6c9de6	1ab9bcd45bf679c5cef79f582146c817d5f5f52bebe91fbb45fee55fc4573d77	simulated bootstrap
2026-07-30T16:07:31Z	35f3dc5d6f936c4d77aa6425a895cd74211d53688449a5c522c5cd1fdb7550e5	b4445382b00e0ebe6d2234052268d4742ac647fe583851acba7d45828695dcf4	first BOOTSTRAP promote — encrypted APFS medium
2026-07-30T16:18:05Z	35f3dc5d6f936c4d77aa6425a895cd74211d53688449a5c522c5cd1fdb7550e5	e5f26ff2aec58b89a295e619c7cb0c49181a13b61a5a8728687ea93c2edf482e	per-promote OTS stamps; locked-medium diagnostic
2026-07-30T16:19:12Z	35f3dc5d6f936c4d77aa6425a895cd74211d53688449a5c522c5cd1fdb7550e5	eb4e5fb7e106cca740c82db4420bd35dbb562d45048bed7b4356f55640e27c3d	final bootstrap state — source committed and pushed
2026-07-30T17:28:35Z	34987793b1f25e17f76a70d6f956c962f4c94e3366a720ce5078b265c3f99d71	58e33fd2cdb68a5dc2656f7be8cb099eabfb788714527d5ee8f5c30cf6c3ba93	oid-aware tg_src; retire promote-before-commit
2026-07-30T17:45:53Z	7a352054bc87d0a64a7c0bd8ed701e7eb0b2d8d00d7b15e3b51dfdff17a38cbb	d7b922ea684c6f3b7fbf028e7b8cf426340baa42972df9410e37c30c51b031ec	reason routing + lfs-check could-not-look
2026-07-30T18:59:32Z	7a352054bc87d0a64a7c0bd8ed701e7eb0b2d8d00d7b15e3b51dfdff17a38cbb	bc54495708f93b6916e26ac3c2b1a3555f65ad3d2e982aae715c582987318455	promote
2026-07-31T00:23:48Z	594b40c503a0a192e0de1907f193e285599c09fc97474dbabb31daa5f4131997	70fe16c76554f1a7eb38e351ead0e29fd2f95e98512f70dd276dac4c55991df1	org Team upgrade: all private repos protected; 3 repos transferred to via-balaena; origins repointed
2026-07-31T00:37:28Z	594b40c503a0a192e0de1907f193e285599c09fc97474dbabb31daa5f4131997	a7bbd750692942d375b10a9eacb7525b0b445acfc33fba0cf368debaebfd3e4c	correct four docs the Team upgrade turned false
2026-07-31T00:44:15Z	594b40c503a0a192e0de1907f193e285599c09fc97474dbabb31daa5f4131997	56ed24c58fbd32f5ab703197f20f451cc2cd1fdc82739034583902e3aa2ff249	session memory: Team upgrade + protection
2026-07-31T00:53:30Z	594b40c503a0a192e0de1907f193e285599c09fc97474dbabb31daa5f4131997	7c2546e8829f15ed2e4bcfd81cbf63a8fced28d8a3f1ed46aaa8a0536a954ce0	anchor-recording rule: promote last, record off-machine, write nothing back
2026-07-31T01:14:13Z	594b40c503a0a192e0de1907f193e285599c09fc97474dbabb31daa5f4131997	35cf3d9761bfd4ef6b4f5483e28651d71e1cf772e7f5537ee402d1088f9013a1	measured force-push/deletion refusal; fix the USB-restore procedure it broke
2026-07-31T01:26:42Z	594b40c503a0a192e0de1907f193e285599c09fc97474dbabb31daa5f4131997	da981feb57055953ff2f01ceaf75c326203ab776c28bb6a0d6c198291bc18b6d	OTS layer verified: 11/11 block merkle roots match independent explorers
2026-07-31T01:45:43Z	594b40c503a0a192e0de1907f193e285599c09fc97474dbabb31daa5f4131997	abfdd2f58bed03fe3bff39d45e31d4c5460f496b17113fe679367b607fc7b7a9	stamps-check.sh: verify the Bitcoin anchoring against the public chain
2026-07-31T02:03:26Z	594b40c503a0a192e0de1907f193e285599c09fc97474dbabb31daa5f4131997	57cbd343564ce2700218a25a40a94f56527637cb6a9c5c9fd5be8eaa299c288a	remote-posture enumerates undeclared repos; 26 excluded with reasons
2026-07-31T02:17:05Z	594b40c503a0a192e0de1907f193e285599c09fc97474dbabb31daa5f4131997	e98a04a20e287e726744d2b6036cc50a3f67dfb2daa4c5b2d0adb812284d3697	network checks now run at the tail of every promote
2026-07-31T02:20:19Z	594b40c503a0a192e0de1907f193e285599c09fc97474dbabb31daa5f4131997	10c487bf7128c8ce34ca76cb79455c36cce3f2384a6c14bd19aa288f3f49c9f1	final: scheduled checks wired in
2026-07-31T02:38:08Z	594b40c503a0a192e0de1907f193e285599c09fc97474dbabb31daa5f4131997	f2ac2c61387e8dbfc38bb55c67dabfe3af73237a62eca12f452f0b3d68f533d8	install the weekly checks LaunchAgent; fix its PATH
2026-07-31T02:49:46Z	594b40c503a0a192e0de1907f193e285599c09fc97474dbabb31daa5f4131997	ed3550fe96f2454e27622989fb94206705dfdc681c97c1c092743cceec1df34d	skate-mesh deleted; exclusion removed
2026-07-31T03:10:29Z	594b40c503a0a192e0de1907f193e285599c09fc97474dbabb31daa5f4131997	c4b65502a287921946b6e2934d601a617dd6e7b2b8bc2a6075dc01c40cf267f1	OTS sweep on wake; StartInterval instead of a clock time
2026-07-31T03:15:27Z	594b40c503a0a192e0de1907f193e285599c09fc97474dbabb31daa5f4131997	60b97c2aeb3341eba3834d7da605e9a66f6cc19918a88539ab61a800702d6cbc	final: OTS collection wired to wake
2026-07-31T03:37:14Z	594b40c503a0a192e0de1907f193e285599c09fc97474dbabb31daa5f4131997	2a82dbfeba9c71237fcdf89e5cbbf59771d9017f24181f8c2b7e677994c0c86c	split OTS sweep (1h) from checks (6h); cache verified block roots
2026-07-31T03:53:24Z	594b40c503a0a192e0de1907f193e285599c09fc97474dbabb31daa5f4131997	69d2c29f6034a1faffa6f06f9d496d5e53af9c139bd1dbf126311e998ac64a53	polish: orchestrator tests, real --status, docs realigned
2026-07-31T04:28:34Z	594b40c503a0a192e0de1907f193e285599c09fc97474dbabb31daa5f4131997	145e7cbd2a63caab491367273b387fe5b567eb884eeb2cfbe2acc0beb42aea5a	front door corrected; session debris and a leaked token cleaned up
2026-07-31T04:39:29Z	594b40c503a0a192e0de1907f193e285599c09fc97474dbabb31daa5f4131997	005041d85d17819979a9f32595bc00692f6bd26c4e734a9fcce15cd6dc07dc31	reference docs now describe the tool that exists
2026-07-31T04:47:19Z	594b40c503a0a192e0de1907f193e285599c09fc97474dbabb31daa5f4131997	a624d5acb2362de78fbab93284692ede66085fed732d6c963a22578d6fed975c	overclaim corrected everywhere, including the public anchor README
2026-07-31T05:08:35Z	92fa70825e0e8bf51589735bc87cebdfad68cc745b5c6385d254030d8d97f075	87b6988f93ca0c21f52c7e7590a2a351d5093b1e1c899dcc95685d6c2472d839	shellcheck clean across all scripts, enforced by the suite
2026-07-31T05:22:25Z	92fa70825e0e8bf51589735bc87cebdfad68cc745b5c6385d254030d8d97f075	6c5bc2d0b79d9981405691dfc65d87e43109295b6a513135b5478a24c78d3587	post-rotation: scopes restored, four stale claims corrected
2026-07-31T05:28:11Z	92fa70825e0e8bf51589735bc87cebdfad68cc745b5c6385d254030d8d97f075	ea6c0b8ebe58477bfd0a8226b26dbc651650f0cf124b1c7090fe8881f37bdd45	final: post-rotation state verified
2026-07-31T05:42:59Z	92fa70825e0e8bf51589735bc87cebdfad68cc745b5c6385d254030d8d97f075	fb7359f4f672ce97d785101cf2ffda4f9d34973431b8ae29f9a57337d727daf3	host-report windowing labelled; a false gap corrected
2026-07-31T05:49:34Z	92fa70825e0e8bf51589735bc87cebdfad68cc745b5c6385d254030d8d97f075	a8820134747cd697aa1fda0f71c458473d4ed169a0b5feec2d6e113a34ffc866	recovery scenarios for the four out-of-band checks
2026-07-31T06:00:42Z	92fa70825e0e8bf51589735bc87cebdfad68cc745b5c6385d254030d8d97f075	d9961029a458b801e033152784101fe0a21bd9ac4010bbda2dfe1b2b60200b97	recovery premise tested: mirrors fsck-clean, restore proven, LFS path corrected
